{"cameraMode":{"drawMode":0,"name":"Shaded","section":"Shading Mode"},"sceneLighting":true,"audioPlay":false,"sceneViewState":{"showFog":true,"showMaterialUpdate":false,"showSkybox":true,"showFlares":true,"showImageEffects":true,"showParticleSystems":true},"in2DMode":false,"pivot":{"x":-2.804201364517212,"y":-0.8217056393623352,"z":8.737873077392579},"rotation":{"x":0.10629855841398239,"y":-0.0026886912528425457,"z":0.0002873415651265532,"w":0.9943317770957947},"size":3.6503653526306154,"orthographic":false}