{"cameraMode":{"drawMode":0,"name":"Shaded","section":"Shading Mode"},"sceneLighting":true,"audioPlay":false,"sceneViewState":{"showFog":true,"showMaterialUpdate":false,"showSkybox":true,"showFlares":true,"showImageEffects":true,"showParticleSystems":true},"in2DMode":false,"pivot":{"x":-1.4690823554992676,"y":1.6799999475479127,"z":4.942328453063965},"rotation":{"x":0.0964900553226471,"y":-0.4431433379650116,"z":0.048046428710222247,"w":0.889949381351471},"size":1.2258402109146119,"orthographic":false}